{
  "final_model_n_estimators": 78,
  "params": {
    "num_leaves": 100,
    "min_child_samples": 55,
    "learning_rate": 0.08067373048451444,
    "subsample": 0.6175215063148914,
    "colsample_bytree": 0.6617157968270191,
    "reg_alpha": 0.5,
    "reg_lambda": 0.5
  },
  "cat_purchase_rates": {
    "apparel": 0.004944,
    "appliances": 0.036583,
    "auto": 0.004528,
    "computers": 0.013742,
    "construction": 0.003647,
    "electronics": 0.185152,
    "furniture": 0.005417,
    "kids": 0.002823
  },
  "oof_auc": 0.9465,
  "oof_logloss": 0.0734,
  "val_model_auc": 0.9445,
  "val_model_logloss": 0.0743,
  "test_model_auc": 0.9466,
  "test_model_logloss": 0.0739
}