{
  "final_model_n_estimators": 142,
  "params": {
    "num_leaves": 33,
    "min_child_samples": 156,
    "learning_rate": 0.06608837585688289,
    "subsample": 0.9882792097579614,
    "colsample_bytree": 0.957248448528879,
    "reg_alpha": 0.5,
    "reg_lambda": 1.0
  },
  "cat_purchase_rates": {
    "apparel": 0.004836,
    "appliances": 0.03682,
    "auto": 0.004442,
    "computers": 0.013584,
    "construction": 0.003726,
    "electronics": 0.184915,
    "furniture": 0.005538,
    "kids": 0.002952
  },
  "oof_auc": 0.9219,
  "oof_logloss": 0.0863,
  "val_model_auc": 0.923,
  "val_model_logloss": 0.0866,
  "test_model_auc": 0.9234,
  "test_model_logloss": 0.0877,
  "val_cold_auc": 0.8811,
  "val_cold_user_fraction": 0.4134
}