{
  "final_model_n_estimators": 78,
  "params": {
    "num_leaves": 100,
    "min_child_samples": 55,
    "learning_rate": 0.08067373048451444,
    "subsample": 0.6175215063148914,
    "colsample_bytree": 0.6617157968270191,
    "reg_alpha": 0.5,
    "reg_lambda": 0.5
  },
  "cat_purchase_rates": {
    "apparel": 0.004906,
    "appliances": 0.036907,
    "auto": 0.004465,
    "computers": 0.013665,
    "construction": 0.003628,
    "electronics": 0.185328,
    "furniture": 0.00544,
    "kids": 0.002843
  },
  "oof_auc": 0.9465,
  "oof_logloss": 0.0734,
  "val_model_auc": 0.9445,
  "val_model_logloss": 0.0743
}